{
    "name": "Data Science Roles",
    "average_salary": 137570.38988015978,
    "children": [
        {
            "name": "Healthcare",
            "average_salary": 136393.53302961276,
            "children": [
                {
                    "name": "Senior",
                    "average_salary": 151353.98986486485,
                    "children": [
                        {
                            "name": "Data Scientist",
                            "count": 187,
                            "average_salary": 160440.41711229947
                        },
                        {
                            "name": "ML Engineer",
                            "count": 59,
                            "average_salary": 180403.6779661017
                        },
                        {
                            "name": "Data Analyst",
                            "count": 96,
                            "average_salary": 121346.71875
                        },
                        {
                            "name": "Data Engineer",
                            "count": 204,
                            "average_salary": 150903.54901960783
                        },
                        {
                            "name": "BI Developer",
                            "count": 23,
                            "average_salary": 145636.08695652173
                        },
                        {
                            "name": "Data Architect",
                            "count": 23,
                            "average_salary": 137919.47826086957
                        }
                    ]
                },
                {
                    "name": "Mid-Level",
                    "average_salary": 107610.32183908045,
                    "children": [
                        {
                            "name": "Data Scientist",
                            "count": 41,
                            "average_salary": 104357.73170731707
                        },
                        {
                            "name": "ML Engineer",
                            "count": 25,
                            "average_salary": 115968.32
                        },
                        {
                            "name": "Data Analyst",
                            "count": 51,
                            "average_salary": 100574.49019607843
                        },
                        {
                            "name": "Data Engineer",
                            "count": 55,
                            "average_salary": 112009.4909090909
                        },
                        {
                            "name": "Data Architect",
                            "count": 2,
                            "average_salary": 128250.0
                        }
                    ]
                },
                {
                    "name": "Entry-Level",
                    "average_salary": 68883.53571428571,
                    "children": [
                        {
                            "name": "Data Scientist",
                            "count": 19,
                            "average_salary": 68542.78947368421
                        },
                        {
                            "name": "ML Engineer",
                            "count": 12,
                            "average_salary": 50187.25
                        },
                        {
                            "name": "Data Analyst",
                            "count": 25,
                            "average_salary": 60760.68
                        },
                        {
                            "name": "Data Engineer",
                            "count": 22,
                            "average_salary": 84031.40909090909
                        },
                        {
                            "name": "BI Developer",
                            "count": 2,
                            "average_salary": 71500.0
                        },
                        {
                            "name": "AI Developer",
                            "count": 4,
                            "average_salary": 92737.25
                        }
                    ]
                },
                {
                    "name": "Experienced",
                    "average_salary": 201483.82142857142,
                    "children": [
                        {
                            "name": "Data Scientist",
                            "count": 7,
                            "average_salary": 219192.2857142857
                        },
                        {
                            "name": "ML Engineer",
                            "count": 2,
                            "average_salary": 138154.5
                        },
                        {
                            "name": "Data Analyst",
                            "count": 4,
                            "average_salary": 197347.0
                        },
                        {
                            "name": "Data Engineer",
                            "count": 15,
                            "average_salary": 202766.93333333332
                        }
                    ]
                }
            ]
        },
        {
            "name": "Retail",
            "average_salary": 140366.88851351352,
            "children": [
                {
                    "name": "Senior",
                    "average_salary": 156429.33078880407,
                    "children": [
                        {
                            "name": "Data Scientist",
                            "count": 131,
                            "average_salary": 163881.85496183205
                        },
                        {
                            "name": "ML Engineer",
                            "count": 47,
                            "average_salary": 169657.36170212767
                        },
                        {
                            "name": "Data Analyst",
                            "count": 56,
                            "average_salary": 122454.07142857143
                        },
                        {
                            "name": "Data Engineer",
                            "count": 124,
                            "average_salary": 159304.37096774194
                        },
                        {
                            "name": "BI Developer",
                            "count": 18,
                            "average_salary": 140025.77777777778
                        },
                        {
                            "name": "Data Architect",
                            "count": 16,
                            "average_salary": 164229.625
                        },
                        {
                            "name": "AI Developer",
                            "count": 1,
                            "average_salary": 275000.0
                        }
                    ]
                },
                {
                    "name": "Mid-Level",
                    "average_salary": 103279.35820895522,
                    "children": [
                        {
                            "name": "Data Scientist",
                            "count": 32,
                            "average_salary": 116077.78125
                        },
                        {
                            "name": "ML Engineer",
                            "count": 22,
                            "average_salary": 110762.45454545454
                        },
                        {
                            "name": "Data Analyst",
                            "count": 38,
                            "average_salary": 87967.94736842105
                        },
                        {
                            "name": "Data Engineer",
                            "count": 37,
                            "average_salary": 102348.35135135135
                        },
                        {
                            "name": "BI Developer",
                            "count": 4,
                            "average_salary": 89625.0
                        },
                        {
                            "name": "AI Developer",
                            "count": 1,
                            "average_salary": 200000.0
                        }
                    ]
                },
                {
                    "name": "Entry-Level",
                    "average_salary": 89794.69565217392,
                    "children": [
                        {
                            "name": "Data Scientist",
                            "count": 13,
                            "average_salary": 85837.38461538461
                        },
                        {
                            "name": "ML Engineer",
                            "count": 3,
                            "average_salary": 95974.33333333333
                        },
                        {
                            "name": "Data Analyst",
                            "count": 11,
                            "average_salary": 82046.0
                        },
                        {
                            "name": "Data Engineer",
                            "count": 16,
                            "average_salary": 98621.0625
                        },
                        {
                            "name": "AI Developer",
                            "count": 3,
                            "average_salary": 82101.33333333333
                        }
                    ]
                },
                {
                    "name": "Experienced",
                    "average_salary": 192130.57894736843,
                    "children": [
                        {
                            "name": "Data Scientist",
                            "count": 9,
                            "average_salary": 203884.88888888888
                        },
                        {
                            "name": "Data Analyst",
                            "count": 2,
                            "average_salary": 128733.5
                        },
                        {
                            "name": "Data Engineer",
                            "count": 6,
                            "average_salary": 203841.66666666666
                        },
                        {
                            "name": "Data Architect",
                            "count": 2,
                            "average_salary": 167500.0
                        }
                    ]
                }
            ]
        },
        {
            "name": "Ecommerce",
            "average_salary": 133921.3613963039,
            "children": [
                {
                    "name": "Senior",
                    "average_salary": 151517.2358490566,
                    "children": [
                        {
                            "name": "Data Scientist",
                            "count": 93,
                            "average_salary": 168983.12903225806
                        },
                        {
                            "name": "ML Engineer",
                            "count": 31,
                            "average_salary": 165660.83870967742
                        },
                        {
                            "name": "Data Analyst",
                            "count": 55,
                            "average_salary": 124185.01818181819
                        },
                        {
                            "name": "Data Engineer",
                            "count": 107,
                            "average_salary": 146804.68224299065
                        },
                        {
                            "name": "BI Developer",
                            "count": 17,
                            "average_salary": 154876.4705882353
                        },
                        {
                            "name": "Data Architect",
                            "count": 12,
                            "average_salary": 155615.58333333334
                        },
                        {
                            "name": "AI Developer",
                            "count": 3,
                            "average_salary": 97666.66666666667
                        }
                    ]
                },
                {
                    "name": "Mid-Level",
                    "average_salary": 101381.0325203252,
                    "children": [
                        {
                            "name": "Data Scientist",
                            "count": 32,
                            "average_salary": 96053.1875
                        },
                        {
                            "name": "ML Engineer",
                            "count": 12,
                            "average_salary": 99715.41666666667
                        },
                        {
                            "name": "Data Analyst",
                            "count": 33,
                            "average_salary": 100074.09090909091
                        },
                        {
                            "name": "Data Engineer",
                            "count": 38,
                            "average_salary": 102555.05263157895
                        },
                        {
                            "name": "BI Developer",
                            "count": 4,
                            "average_salary": 83135.75
                        },
                        {
                            "name": "Data Architect",
                            "count": 2,
                            "average_salary": 173750.0
                        },
                        {
                            "name": "AI Developer",
                            "count": 2,
                            "average_salary": 160000.0
                        }
                    ]
                },
                {
                    "name": "Entry-Level",
                    "average_salary": 74267.97142857143,
                    "children": [
                        {
                            "name": "Data Scientist",
                            "count": 13,
                            "average_salary": 62563.230769230766
                        },
                        {
                            "name": "ML Engineer",
                            "count": 4,
                            "average_salary": 88103.0
                        },
                        {
                            "name": "Data Analyst",
                            "count": 6,
                            "average_salary": 51061.333333333336
                        },
                        {
                            "name": "Data Engineer",
                            "count": 10,
                            "average_salary": 93727.7
                        },
                        {
                            "name": "AI Developer",
                            "count": 2,
                            "average_salary": 95000.0
                        }
                    ]
                },
                {
                    "name": "Experienced",
                    "average_salary": 178906.9090909091,
                    "children": [
                        {
                            "name": "Data Scientist",
                            "count": 3,
                            "average_salary": 143325.33333333334
                        },
                        {
                            "name": "Data Analyst",
                            "count": 1,
                            "average_salary": 140000.0
                        },
                        {
                            "name": "Data Engineer",
                            "count": 3,
                            "average_salary": 235333.33333333334
                        },
                        {
                            "name": "BI Developer",
                            "count": 3,
                            "average_salary": 164000.0
                        },
                        {
                            "name": "AI Developer",
                            "count": 1,
                            "average_salary": 200000.0
                        }
                    ]
                }
            ]
        },
        {
            "name": "Gov. & Others",
            "average_salary": 134300.6294736842,
            "children": [
                {
                    "name": "Senior",
                    "average_salary": 149569.24838709677,
                    "children": [
                        {
                            "name": "Data Scientist",
                            "count": 108,
                            "average_salary": 159645.16666666666
                        },
                        {
                            "name": "ML Engineer",
                            "count": 30,
                            "average_salary": 160480.26666666666
                        },
                        {
                            "name": "Data Analyst",
                            "count": 57,
                            "average_salary": 116295.15789473684
                        },
                        {
                            "name": "Data Engineer",
                            "count": 99,
                            "average_salary": 149046.67676767678
                        },
                        {
                            "name": "BI Developer",
                            "count": 7,
                            "average_salary": 174200.0
                        },
                        {
                            "name": "Data Architect",
                            "count": 8,
                            "average_salary": 160337.75
                        },
                        {
                            "name": "AI Developer",
                            "count": 1,
                            "average_salary": 423834.0
                        }
                    ]
                },
                {
                    "name": "Mid-Level",
                    "average_salary": 108621.55102040817,
                    "children": [
                        {
                            "name": "Data Scientist",
                            "count": 29,
                            "average_salary": 105415.55172413793
                        },
                        {
                            "name": "ML Engineer",
                            "count": 18,
                            "average_salary": 112987.5
                        },
                        {
                            "name": "Data Analyst",
                            "count": 25,
                            "average_salary": 102941.24
                        },
                        {
                            "name": "Data Engineer",
                            "count": 22,
                            "average_salary": 105447.04545454546
                        },
                        {
                            "name": "BI Developer",
                            "count": 2,
                            "average_salary": 192850.0
                        },
                        {
                            "name": "AI Developer",
                            "count": 2,
                            "average_salary": 137510.0
                        }
                    ]
                },
                {
                    "name": "Entry-Level",
                    "average_salary": 74575.3,
                    "children": [
                        {
                            "name": "Data Scientist",
                            "count": 15,
                            "average_salary": 92439.6
                        },
                        {
                            "name": "ML Engineer",
                            "count": 7,
                            "average_salary": 88384.28571428571
                        },
                        {
                            "name": "Data Analyst",
                            "count": 10,
                            "average_salary": 59412.4
                        },
                        {
                            "name": "Data Engineer",
                            "count": 12,
                            "average_salary": 67287.66666666667
                        },
                        {
                            "name": "BI Developer",
                            "count": 2,
                            "average_salary": 48000.0
                        },
                        {
                            "name": "AI Developer",
                            "count": 4,
                            "average_salary": 56476.25
                        }
                    ]
                },
                {
                    "name": "Experienced",
                    "average_salary": 179567.9411764706,
                    "children": [
                        {
                            "name": "Data Scientist",
                            "count": 4,
                            "average_salary": 197194.0
                        },
                        {
                            "name": "Data Analyst",
                            "count": 4,
                            "average_salary": 164368.75
                        },
                        {
                            "name": "Data Engineer",
                            "count": 9,
                            "average_salary": 178489.33333333334
                        }
                    ]
                }
            ]
        },
        {
            "name": "Finance",
            "average_salary": 139617.22751322752,
            "children": [
                {
                    "name": "Senior",
                    "average_salary": 154428.85825027685,
                    "children": [
                        {
                            "name": "Data Scientist",
                            "count": 297,
                            "average_salary": 162804.632996633
                        },
                        {
                            "name": "ML Engineer",
                            "count": 108,
                            "average_salary": 171660.88888888888
                        },
                        {
                            "name": "Data Analyst",
                            "count": 162,
                            "average_salary": 119962.59876543209
                        },
                        {
                            "name": "Data Engineer",
                            "count": 258,
                            "average_salary": 156100.37984496125
                        },
                        {
                            "name": "BI Developer",
                            "count": 38,
                            "average_salary": 160319.18421052632
                        },
                        {
                            "name": "Data Architect",
                            "count": 39,
                            "average_salary": 171844.58974358975
                        },
                        {
                            "name": "AI Developer",
                            "count": 1,
                            "average_salary": 55000.0
                        }
                    ]
                },
                {
                    "name": "Mid-Level",
                    "average_salary": 103133.95652173914,
                    "children": [
                        {
                            "name": "Data Scientist",
                            "count": 81,
                            "average_salary": 94578.53086419753
                        },
                        {
                            "name": "ML Engineer",
                            "count": 34,
                            "average_salary": 136844.0588235294
                        },
                        {
                            "name": "Data Analyst",
                            "count": 65,
                            "average_salary": 99456.36923076923
                        },
                        {
                            "name": "Data Engineer",
                            "count": 83,
                            "average_salary": 102434.49397590362
                        },
                        {
                            "name": "BI Developer",
                            "count": 7,
                            "average_salary": 89500.0
                        },
                        {
                            "name": "Data Architect",
                            "count": 3,
                            "average_salary": 148000.0
                        },
                        {
                            "name": "AI Developer",
                            "count": 3,
                            "average_salary": 38062.0
                        }
                    ]
                },
                {
                    "name": "Entry-Level",
                    "average_salary": 84665.65714285715,
                    "children": [
                        {
                            "name": "Data Scientist",
                            "count": 28,
                            "average_salary": 92116.0
                        },
                        {
                            "name": "ML Engineer",
                            "count": 12,
                            "average_salary": 102910.08333333333
                        },
                        {
                            "name": "Data Analyst",
                            "count": 29,
                            "average_salary": 48914.75862068965
                        },
                        {
                            "name": "Data Engineer",
                            "count": 29,
                            "average_salary": 108316.20689655172
                        },
                        {
                            "name": "BI Developer",
                            "count": 4,
                            "average_salary": 69352.25
                        },
                        {
                            "name": "AI Developer",
                            "count": 3,
                            "average_salary": 79539.33333333333
                        }
                    ]
                },
                {
                    "name": "Experienced",
                    "average_salary": 202806.84615384616,
                    "children": [
                        {
                            "name": "Data Scientist",
                            "count": 6,
                            "average_salary": 169489.0
                        },
                        {
                            "name": "ML Engineer",
                            "count": 1,
                            "average_salary": 180000.0
                        },
                        {
                            "name": "Data Analyst",
                            "count": 8,
                            "average_salary": 194912.5
                        },
                        {
                            "name": "Data Engineer",
                            "count": 19,
                            "average_salary": 223380.68421052632
                        },
                        {
                            "name": "BI Developer",
                            "count": 5,
                            "average_salary": 181800.0
                        }
                    ]
                }
            ]
        }
    ]
}