[
  {
    "Year": 2020,
    "Job Role": "Data Analyst",
    "Salary": 15000,
    "Company Location": "Canada"
  },
  {
    "Year": 2020,
    "Job Role": "Data Analyst",
    "Salary": 95000,
    "Company Location": "United States"
  },
  {
    "Year": 2020,
    "Job Role": "Data Engineer",
    "Salary": 13493,
    "Company Location": "India"
  },
  {
    "Year": 2020,
    "Job Role": "Data Engineer",
    "Salary": 13493,
    "Company Location": "India"
  },
  {
    "Year": 2020,
    "Job Role": "Data Analyst",
    "Salary": 22809,
    "Company Location": "Portugal"
  },
  {
    "Year": 2020,
    "Job Role": "Data Scientist",
    "Salary": 49268,
    "Company Location": "Germany"
  },
  {
    "Year": 2020,
    "Job Role": "ML Engineer",
    "Salary": 117104,
    "Company Location": "Canada"
  },
  {
    "Year": 2020,
    "Job Role": "Data Engineer",
    "Salary": 54742,
    "Company Location": "Germany"
  },
  {
    "Year": 2020,
    "Job Role": "Data Analyst",
    "Salary": 20000,
    "Company Location": "Honduras"
  },
  {
    "Year": 2020,
    "Job Role": "Data Engineer",
    "Salary": 59303,
    "Company Location": "Germany"
  },
  {
    "Year": 2020,
    "Job Role": "Data Engineer",
    "Salary": 70000,
    "Company Location": "United States"
  },
  {
    "Year": 2020,
    "Job Role": "Data Scientist",
    "Salary": 68428,
    "Company Location": "United States"
  },
  {
    "Year": 2020,
    "Job Role": "Data Scientist",
    "Salary": 450000,
    "Company Location": "United States"
  },
  {
    "Year": 2020,
    "Job Role": "Data Analyst",
    "Salary": 46759,
    "Company Location": "France"
  },
  {
    "Year": 2020,
    "Job Role": "Data Engineer",
    "Salary": 74130,
    "Company Location": "Austria"
  },
  {
    "Year": 2020,
    "Job Role": "Data Scientist",
    "Salary": 103000,
    "Company Location": "United States"
  },
  {
    "Year": 2020,
    "Job Role": "ML Engineer",
    "Salary": 250000,
    "Company Location": "United States"
  },
  {
    "Year": 2020,
    "Job Role": "Data Analyst",
    "Salary": 10000,
    "Company Location": "Nigeria"
  },
  {
    "Year": 2020,
    "Job Role": "ML Engineer",
    "Salary": 138000,
    "Company Location": "United States"
  },
  {
    "Year": 2020,
    "Job Role": "Data Scientist",
    "Salary": 45760,
    "Company Location": "United States"
  },
  {
    "Year": 2020,
    "Job Role": "Data Engineer",
    "Salary": 79833,
    "Company Location": "Spain"
  },
  {
    "Year": 2020,
    "Job Role": "ML Engineer",
    "Salary": 50180,
    "Company Location": "Portugal"
  },
  {
    "Year": 2020,
    "Job Role": "Data Engineer",
    "Salary": 106000,
    "Company Location": "United States"
  },
  {
    "Year": 2020,
    "Job Role": "Data Engineer",
    "Salary": 112872,
    "Company Location": "United Kingdom"
  },
  {
    "Year": 2020,
    "Job Role": "ML Engineer",
    "Salary": 15966,
    "Company Location": "Germany"
  },
  {
    "Year": 2020,
    "Job Role": "Data Scientist",
    "Salary": 76958,
    "Company Location": "United Kingdom"
  },
  {
    "Year": 2020,
    "Job Role": "Data Engineer",
    "Salary": 188000,
    "Company Location": "United States"
  },
  {
    "Year": 2020,
    "Job Role": "Data Scientist",
    "Salary": 105000,
    "Company Location": "United States"
  },
  {
    "Year": 2020,
    "Job Role": "Data Engineer",
    "Salary": 70139,
    "Company Location": "France"
  },
  {
    "Year": 2020,
    "Job Role": "Data Analyst",
    "Salary": 6072,
    "Company Location": "India"
  },
  {
    "Year": 2020,
    "Job Role": "Data Engineer",
    "Salary": 33511,
    "Company Location": "Mexico"
  },
  {
    "Year": 2020,
    "Job Role": "Data Analyst",
    "Salary": 91000,
    "Company Location": "United States"
  },
  {
    "Year": 2020,
    "Job Role": "Data Scientist",
    "Salary": 42000,
    "Company Location": "Netherlands"
  },
  {
    "Year": 2020,
    "Job Role": "Data Scientist",
    "Salary": 115000,
    "Company Location": "United Arab Emirates"
  },
  {
    "Year": 2020,
    "Job Role": "ML Engineer",
    "Salary": 260000,
    "Company Location": "Japan"
  },
  {
    "Year": 2020,
    "Job Role": "Data Engineer",
    "Salary": 109024,
    "Company Location": "United Kingdom"
  },
  {
    "Year": 2020,
    "Job Role": "Data Scientist",
    "Salary": 79833,
    "Company Location": "Germany"
  },
  {
    "Year": 2020,
    "Job Role": "ML Engineer",
    "Salary": 150000,
    "Company Location": "United States"
  },
  {
    "Year": 2020,
    "Job Role": "Data Analyst",
    "Salary": 72000,
    "Company Location": "United States"
  },
  {
    "Year": 2020,
    "Job Role": "Data Scientist",
    "Salary": 190000,
    "Company Location": "United States"
  },
  {
    "Year": 2020,
    "Job Role": "Data Scientist",
    "Salary": 35735,
    "Company Location": "Hungary"
  },
  {
    "Year": 2020,
    "Job Role": "Data Analyst",
    "Salary": 135000,
    "Company Location": "United States"
  },
  {
    "Year": 2020,
    "Job Role": "Data Engineer",
    "Salary": 125000,
    "Company Location": "New Zealand"
  },
  {
    "Year": 2020,
    "Job Role": "Data Scientist",
    "Salary": 51321,
    "Company Location": "France"
  },
  {
    "Year": 2020,
    "Job Role": "Data Scientist",
    "Salary": 40481,
    "Company Location": "India"
  },
  {
    "Year": 2020,
    "Job Role": "Data Scientist",
    "Salary": 39916,
    "Company Location": "France"
  },
  {
    "Year": 2020,
    "Job Role": "Data Analyst",
    "Salary": 87000,
    "Company Location": "United States"
  },
  {
    "Year": 2020,
    "Job Role": "Data Analyst",
    "Salary": 85000,
    "Company Location": "United States"
  },
  {
    "Year": 2020,
    "Job Role": "Data Analyst",
    "Salary": 8000,
    "Company Location": "Pakistan"
  },
  {
    "Year": 2020,
    "Job Role": "Data Engineer",
    "Salary": 41689,
    "Company Location": "Japan"
  },
  {
    "Year": 2021,
    "Job Role": "Data Scientist",
    "Salary": 150000,
    "Company Location": "United States"
  },
  {
    "Year": 2021,
    "Job Role": "AI Developer",
    "Salary": 30000,
    "Company Location": "Ghana"
  },
  {
    "Year": 2021,
    "Job Role": "Data Engineer",
    "Salary": 66970,
    "Company Location": "Singapore"
  },
  {
    "Year": 2021,
    "Job Role": "Data Scientist",
    "Salary": 54094,
    "Company Location": "India"
  },
  {
    "Year": 2021,
    "Job Role": "Data Analyst",
    "Salary": 16904,
    "Company Location": "India"
  },
  {
    "Year": 2021,
    "Job Role": "Data Analyst",
    "Salary": 115000,
    "Company Location": "United States"
  },
  {
    "Year": 2021,
    "Job Role": "Data Scientist",
    "Salary": 20000,
    "Company Location": "American Samoa"
  },
  {
    "Year": 2021,
    "Job Role": "AI Developer",
    "Salary": 45555,
    "Company Location": "United States"
  },
  {
    "Year": 2021,
    "Job Role": "BI Developer",
    "Salary": 5409,
    "Company Location": "India"
  },
  {
    "Year": 2021,
    "Job Role": "Data Engineer",
    "Salary": 75050,
    "Company Location": "Australia"
  },
  {
    "Year": 2021,
    "Job Role": "Data Analyst",
    "Salary": 42028,
    "Company Location": "Australia"
  },
  {
    "Year": 2021,
    "Job Role": "ML Engineer",
    "Salary": 20000,
    "Company Location": "France"
  },
  {
    "Year": 2021,
    "Job Role": "ML Engineer",
    "Salary": 15000,
    "Company Location": "Thailand"
  },
  {
    "Year": 2021,
    "Job Role": "Data Engineer",
    "Salary": 45390,
    "Company Location": "United Kingdom"
  },
  {
    "Year": 2021,
    "Job Role": "Data Engineer",
    "Salary": 19073,
    "Company Location": "Denmark"
  },
  {
    "Year": 2021,
    "Job Role": "Data Analyst",
    "Salary": 50000,
    "Company Location": "Philippines"
  },
  {
    "Year": 2021,
    "Job Role": "ML Engineer",
    "Salary": 12171,
    "Company Location": "India"
  },
  {
    "Year": 2021,
    "Job Role": "Data Architect",
    "Salary": 250000,
    "Company Location": "United States"
  },
  {
    "Year": 2021,
    "Job Role": "ML Engineer",
    "Salary": 51064,
    "Company Location": "Italy"
  },
  {
    "Year": 2021,
    "Job Role": "Data Scientist",
    "Salary": 109000,
    "Company Location": "United States"
  },
  {
    "Year": 2021,
    "Job Role": "Data Analyst",
    "Salary": 102839,
    "Company Location": "Slovenia"
  },
  {
    "Year": 2021,
    "Job Role": "Data Scientist",
    "Salary": 69999,
    "Company Location": "Czech Republic"
  },
  {
    "Year": 2021,
    "Job Role": "Data Engineer",
    "Salary": 150000,
    "Company Location": "United States"
  },
  {
    "Year": 2021,
    "Job Role": "Data Scientist",
    "Salary": 240000,
    "Company Location": "United States"
  },
  {
    "Year": 2021,
    "Job Role": "Data Analyst",
    "Salary": 135000,
    "Company Location": "United States"
  },
  {
    "Year": 2021,
    "Job Role": "Data Scientist",
    "Salary": 80000,
    "Company Location": "United States"
  },
  {
    "Year": 2021,
    "Job Role": "Data Scientist",
    "Salary": 220000,
    "Company Location": "United States"
  },
  {
    "Year": 2021,
    "Job Role": "ML Engineer",
    "Salary": 77364,
    "Company Location": "Japan"
  },
  {
    "Year": 2021,
    "Job Role": "ML Engineer",
    "Salary": 63711,
    "Company Location": "Japan"
  },
  {
    "Year": 2021,
    "Job Role": "Data Analyst",
    "Salary": 90000,
    "Company Location": "United States"
  },
  {
    "Year": 2021,
    "Job Role": "Data Scientist",
    "Salary": 100000,
    "Company Location": "United States"
  },
  {
    "Year": 2021,
    "Job Role": "Data Engineer",
    "Salary": 24000,
    "Company Location": "Brazil"
  },
  {
    "Year": 2021,
    "Job Role": "ML Engineer",
    "Salary": 38400,
    "Company Location": "United States"
  },
  {
    "Year": 2021,
    "Job Role": "Data Scientist",
    "Salary": 82500,
    "Company Location": "United States"
  },
  {
    "Year": 2021,
    "Job Role": "Data Scientist",
    "Salary": 49646,
    "Company Location": "France"
  },
  {
    "Year": 2021,
    "Job Role": "Data Scientist",
    "Salary": 40570,
    "Company Location": "India"
  },
  {
    "Year": 2021,
    "Job Role": "ML Engineer",
    "Salary": 20000,
    "Company Location": "India"
  },
  {
    "Year": 2021,
    "Job Role": "Data Scientist",
    "Salary": 9466,
    "Company Location": "India"
  },
  {
    "Year": 2021,
    "Job Role": "ML Engineer",
    "Salary": 120000,
    "Company Location": "United States"
  },
  {
    "Year": 2021,
    "Job Role": "Data Analyst",
    "Salary": 10354,
    "Company Location": "Spain"
  },
  {
    "Year": 2021,
    "Job Role": "Data Scientist",
    "Salary": 110037,
    "Company Location": "United Kingdom"
  },
  {
    "Year": 2021,
    "Job Role": "Data Analyst",
    "Salary": 50000,
    "Company Location": "United States"
  },
  {
    "Year": 2021,
    "Job Role": "Data Engineer",
    "Salary": 200000,
    "Company Location": "United States"
  },
  {
    "Year": 2021,
    "Job Role": "Data Engineer",
    "Salary": 60000,
    "Company Location": "Romania"
  },
  {
    "Year": 2021,
    "Job Role": "Data Engineer",
    "Salary": 200000,
    "Company Location": "United States"
  },
  {
    "Year": 2021,
    "Job Role": "ML Engineer",
    "Salary": 100000,
    "Company Location": "Iraq"
  },
  {
    "Year": 2021,
    "Job Role": "Data Engineer",
    "Salary": 100000,
    "Company Location": "United States"
  },
  {
    "Year": 2021,
    "Job Role": "ML Engineer",
    "Salary": 82744,
    "Company Location": "Belgium"
  },
  {
    "Year": 2021,
    "Job Role": "Data Scientist",
    "Salary": 62649,
    "Company Location": "France"
  },
  {
    "Year": 2021,
    "Job Role": "Data Engineer",
    "Salary": 82528,
    "Company Location": "United Kingdom"
  },
  {
    "Year": 2022,
    "Job Role": "ML Engineer",
    "Salary": 20984,
    "Company Location": "India"
  },
  {
    "Year": 2022,
    "Job Role": "AI Developer",
    "Salary": 300000,
    "Company Location": "India"
  },
  {
    "Year": 2022,
    "Job Role": "ML Engineer",
    "Salary": 56536,
    "Company Location": "Switzerland"
  },
  {
    "Year": 2022,
    "Job Role": "Data Scientist",
    "Salary": 88256,
    "Company Location": "United Kingdom"
  },
  {
    "Year": 2022,
    "Job Role": "AI Developer",
    "Salary": 275000,
    "Company Location": "Canada"
  },
  {
    "Year": 2022,
    "Job Role": "Data Engineer",
    "Salary": 59888,
    "Company Location": "Netherlands"
  },
  {
    "Year": 2022,
    "Job Role": "Data Scientist",
    "Salary": 73546,
    "Company Location": "Germany"
  },
  {
    "Year": 2022,
    "Job Role": "Data Scientist",
    "Salary": 172309,
    "Company Location": "Ireland"
  },
  {
    "Year": 2022,
    "Job Role": "BI Developer",
    "Salary": 130000,
    "Company Location": "United States"
  },
  {
    "Year": 2022,
    "Job Role": "Data Analyst",
    "Salary": 34320,
    "Company Location": "United States"
  },
  {
    "Year": 2022,
    "Job Role": "Data Analyst",
    "Salary": 9289,
    "Company Location": "Brazil"
  },
  {
    "Year": 2022,
    "Job Role": "Data Scientist",
    "Salary": 106000,
    "Company Location": "Russia"
  },
  {
    "Year": 2022,
    "Job Role": "Data Scientist",
    "Salary": 192000,
    "Company Location": "United States"
  },
  {
    "Year": 2022,
    "Job Role": "Data Scientist",
    "Salary": 168000,
    "Company Location": "United States"
  },
  {
    "Year": 2022,
    "Job Role": "Data Scientist",
    "Salary": 85000,
    "Company Location": "United States"
  },
  {
    "Year": 2022,
    "Job Role": "ML Engineer",
    "Salary": 375000,
    "Company Location": "United States"
  },
  {
    "Year": 2022,
    "Job Role": "Data Scientist",
    "Salary": 180000,
    "Company Location": "United States"
  },
  {
    "Year": 2022,
    "Job Role": "Data Scientist",
    "Salary": 23000,
    "Company Location": "India"
  },
  {
    "Year": 2022,
    "Job Role": "Data Scientist",
    "Salary": 155000,
    "Company Location": "United States"
  },
  {
    "Year": 2022,
    "Job Role": "ML Engineer",
    "Salary": 84053,
    "Company Location": "France"
  },
  {
    "Year": 2022,
    "Job Role": "Data Analyst",
    "Salary": 48000,
    "Company Location": "United States"
  },
  {
    "Year": 2022,
    "Job Role": "AI Developer",
    "Salary": 6304,
    "Company Location": "North Macedonia"
  },
  {
    "Year": 2022,
    "Job Role": "Data Engineer",
    "Salary": 15897,
    "Company Location": "India"
  },
  {
    "Year": 2022,
    "Job Role": "Data Scientist",
    "Salary": 110000,
    "Company Location": "United States"
  },
  {
    "Year": 2022,
    "Job Role": "Data Analyst",
    "Salary": 25216,
    "Company Location": "United States"
  },
  {
    "Year": 2022,
    "Job Role": "Data Analyst",
    "Salary": 18314,
    "Company Location": "India"
  },
  {
    "Year": 2022,
    "Job Role": "Data Scientist",
    "Salary": 100000,
    "Company Location": "United States"
  },
  {
    "Year": 2022,
    "Job Role": "Data Analyst",
    "Salary": 133000,
    "Company Location": "Netherlands"
  },
  {
    "Year": 2022,
    "Job Role": "Data Analyst",
    "Salary": 14307,
    "Company Location": "India"
  },
  {
    "Year": 2022,
    "Job Role": "Data Scientist",
    "Salary": 130000,
    "Company Location": "United States"
  },
  {
    "Year": 2022,
    "Job Role": "Data Scientist",
    "Salary": 13989,
    "Company Location": "India"
  },
  {
    "Year": 2022,
    "Job Role": "Data Engineer",
    "Salary": 125000,
    "Company Location": "United States"
  },
  {
    "Year": 2022,
    "Job Role": "Data Engineer",
    "Salary": 175000,
    "Company Location": "United States"
  },
  {
    "Year": 2022,
    "Job Role": "Data Engineer",
    "Salary": 155000,
    "Company Location": "United States"
  },
  {
    "Year": 2022,
    "Job Role": "Data Engineer",
    "Salary": 153600,
    "Company Location": "United States"
  },
  {
    "Year": 2022,
    "Job Role": "Data Engineer",
    "Salary": 106800,
    "Company Location": "United States"
  },
  {
    "Year": 2022,
    "Job Role": "Data Scientist",
    "Salary": 150000,
    "Company Location": "United States"
  },
  {
    "Year": 2022,
    "Job Role": "Data Scientist",
    "Salary": 140000,
    "Company Location": "United States"
  },
  {
    "Year": 2022,
    "Job Role": "Data Scientist",
    "Salary": 122000,
    "Company Location": "United States"
  },
  {
    "Year": 2022,
    "Job Role": "Data Scientist",
    "Salary": 94500,
    "Company Location": "United States"
  },
  {
    "Year": 2022,
    "Job Role": "Data Engineer",
    "Salary": 170000,
    "Company Location": "United States"
  },
  {
    "Year": 2022,
    "Job Role": "Data Engineer",
    "Salary": 130000,
    "Company Location": "United States"
  },
  {
    "Year": 2022,
    "Job Role": "Data Scientist",
    "Salary": 145000,
    "Company Location": "United States"
  },
  {
    "Year": 2022,
    "Job Role": "Data Scientist",
    "Salary": 128000,
    "Company Location": "United States"
  },
  {
    "Year": 2022,
    "Job Role": "Data Engineer",
    "Salary": 145000,
    "Company Location": "United States"
  },
  {
    "Year": 2022,
    "Job Role": "Data Engineer",
    "Salary": 100000,
    "Company Location": "United States"
  },
  {
    "Year": 2022,
    "Job Role": "Data Engineer",
    "Salary": 175000,
    "Company Location": "United States"
  },
  {
    "Year": 2022,
    "Job Role": "Data Engineer",
    "Salary": 120000,
    "Company Location": "United States"
  },
  {
    "Year": 2022,
    "Job Role": "Data Engineer",
    "Salary": 145000,
    "Company Location": "United States"
  },
  {
    "Year": 2022,
    "Job Role": "Data Engineer",
    "Salary": 115000,
    "Company Location": "United States"
  },
  {
    "Year": 2023,
    "Job Role": "Data Scientist",
    "Salary": 85847,
    "Company Location": "Spain"
  },
  {
    "Year": 2023,
    "Job Role": "ML Engineer",
    "Salary": 30000,
    "Company Location": "United States"
  },
  {
    "Year": 2023,
    "Job Role": "ML Engineer",
    "Salary": 25500,
    "Company Location": "United States"
  },
  {
    "Year": 2023,
    "Job Role": "Data Scientist",
    "Salary": 175000,
    "Company Location": "Canada"
  },
  {
    "Year": 2023,
    "Job Role": "Data Scientist",
    "Salary": 120000,
    "Company Location": "Canada"
  },
  {
    "Year": 2023,
    "Job Role": "Data Scientist",
    "Salary": 222200,
    "Company Location": "United States"
  },
  {
    "Year": 2023,
    "Job Role": "Data Scientist",
    "Salary": 136000,
    "Company Location": "United States"
  },
  {
    "Year": 2023,
    "Job Role": "Data Scientist",
    "Salary": 219000,
    "Company Location": "Canada"
  },
  {
    "Year": 2023,
    "Job Role": "Data Scientist",
    "Salary": 141000,
    "Company Location": "Canada"
  },
  {
    "Year": 2023,
    "Job Role": "Data Scientist",
    "Salary": 147100,
    "Company Location": "United States"
  },
  {
    "Year": 2023,
    "Job Role": "Data Scientist",
    "Salary": 90700,
    "Company Location": "United States"
  },
  {
    "Year": 2023,
    "Job Role": "Data Analyst",
    "Salary": 130000,
    "Company Location": "United States"
  },
  {
    "Year": 2023,
    "Job Role": "Data Analyst",
    "Salary": 100000,
    "Company Location": "United States"
  },
  {
    "Year": 2023,
    "Job Role": "Data Scientist",
    "Salary": 213660,
    "Company Location": "United States"
  },
  {
    "Year": 2023,
    "Job Role": "Data Scientist",
    "Salary": 130760,
    "Company Location": "United States"
  },
  {
    "Year": 2023,
    "Job Role": "Data Scientist",
    "Salary": 147100,
    "Company Location": "United States"
  },
  {
    "Year": 2023,
    "Job Role": "Data Scientist",
    "Salary": 90700,
    "Company Location": "United States"
  },
  {
    "Year": 2023,
    "Job Role": "Data Scientist",
    "Salary": 170000,
    "Company Location": "United States"
  },
  {
    "Year": 2023,
    "Job Role": "Data Scientist",
    "Salary": 150000,
    "Company Location": "United States"
  },
  {
    "Year": 2023,
    "Job Role": "Data Analyst",
    "Salary": 150000,
    "Company Location": "United States"
  },
  {
    "Year": 2023,
    "Job Role": "Data Analyst",
    "Salary": 110000,
    "Company Location": "United States"
  },
  {
    "Year": 2023,
    "Job Role": "Data Engineer",
    "Salary": 275000,
    "Company Location": "Germany"
  },
  {
    "Year": 2023,
    "Job Role": "Data Engineer",
    "Salary": 174000,
    "Company Location": "Germany"
  },
  {
    "Year": 2023,
    "Job Role": "BI Developer",
    "Salary": 230000,
    "Company Location": "United Kingdom"
  },
  {
    "Year": 2023,
    "Job Role": "BI Developer",
    "Salary": 143200,
    "Company Location": "United Kingdom"
  },
  {
    "Year": 2023,
    "Job Role": "BI Developer",
    "Salary": 225000,
    "Company Location": "United States"
  },
  {
    "Year": 2023,
    "Job Role": "BI Developer",
    "Salary": 156400,
    "Company Location": "United States"
  },
  {
    "Year": 2023,
    "Job Role": "ML Engineer",
    "Salary": 200000,
    "Company Location": "United States"
  },
  {
    "Year": 2023,
    "Job Role": "ML Engineer",
    "Salary": 130000,
    "Company Location": "United States"
  },
  {
    "Year": 2023,
    "Job Role": "Data Architect",
    "Salary": 90000,
    "Company Location": "Canada"
  },
  {
    "Year": 2023,
    "Job Role": "Data Architect",
    "Salary": 72000,
    "Company Location": "Canada"
  },
  {
    "Year": 2023,
    "Job Role": "Data Engineer",
    "Salary": 253200,
    "Company Location": "United States"
  },
  {
    "Year": 2023,
    "Job Role": "Data Engineer",
    "Salary": 90700,
    "Company Location": "United States"
  },
  {
    "Year": 2023,
    "Job Role": "Data Engineer",
    "Salary": 342810,
    "Company Location": "United States"
  },
  {
    "Year": 2023,
    "Job Role": "Data Engineer",
    "Salary": 184590,
    "Company Location": "United States"
  },
  {
    "Year": 2023,
    "Job Role": "Data Engineer",
    "Salary": 162500,
    "Company Location": "United States"
  },
  {
    "Year": 2023,
    "Job Role": "Data Engineer",
    "Salary": 130000,
    "Company Location": "United States"
  },
  {
    "Year": 2023,
    "Job Role": "Data Analyst",
    "Salary": 105380,
    "Company Location": "United States"
  },
  {
    "Year": 2023,
    "Job Role": "Data Analyst",
    "Salary": 64500,
    "Company Location": "United States"
  },
  {
    "Year": 2023,
    "Job Role": "Data Analyst",
    "Salary": 100000,
    "Company Location": "Nigeria"
  },
  {
    "Year": 2023,
    "Job Role": "Data Analyst",
    "Salary": 30000,
    "Company Location": "Nigeria"
  },
  {
    "Year": 2023,
    "Job Role": "Data Scientist",
    "Salary": 204620,
    "Company Location": "United States"
  },
  {
    "Year": 2023,
    "Job Role": "Data Scientist",
    "Salary": 110680,
    "Company Location": "United States"
  },
  {
    "Year": 2023,
    "Job Role": "Data Engineer",
    "Salary": 270703,
    "Company Location": "United States"
  },
  {
    "Year": 2023,
    "Job Role": "Data Engineer",
    "Salary": 221484,
    "Company Location": "United States"
  },
  {
    "Year": 2023,
    "Job Role": "Data Scientist",
    "Salary": 212750,
    "Company Location": "United States"
  },
  {
    "Year": 2023,
    "Job Role": "Data Scientist",
    "Salary": 185000,
    "Company Location": "United States"
  },
  {
    "Year": 2023,
    "Job Role": "Data Scientist",
    "Salary": 262000,
    "Company Location": "United States"
  },
  {
    "Year": 2023,
    "Job Role": "Data Scientist",
    "Salary": 245000,
    "Company Location": "United States"
  },
  {
    "Year": 2023,
    "Job Role": "Data Scientist",
    "Salary": 275300,
    "Company Location": "United States"
  }
]