﻿Salary,Company Location,Job Role,Year
15000,Canada,Data Analyst,2020
95000,United States,Data Analyst,2020
13493,India,Data Engineer,2020
13493,India,Data Engineer,2020
22809,Portugal,Data Analyst,2020
49268,Germany,Data Scientist,2020
117104,Canada,ML Engineer,2020
54742,Germany,Data Engineer,2020
20000,Honduras,Data Analyst,2020
59303,Germany,Data Engineer,2020
70000,United States,Data Engineer,2020
68428,United States,Data Scientist,2020
450000,United States,Data Scientist,2020
46759,France,Data Analyst,2020
74130,Austria,Data Engineer,2020
103000,United States,Data Scientist,2020
250000,United States,ML Engineer,2020
10000,Nigeria,Data Analyst,2020
138000,United States,ML Engineer,2020
45760,United States,Data Scientist,2020
79833,Spain,Data Engineer,2020
50180,Portugal,ML Engineer,2020
106000,United States,Data Engineer,2020
112872,United Kingdom,Data Engineer,2020
15966,Germany,ML Engineer,2020
76958,United Kingdom,Data Scientist,2020
188000,United States,Data Engineer,2020
105000,United States,Data Scientist,2020
70139,France,Data Engineer,2020
6072,India,Data Analyst,2020
33511,Mexico,Data Engineer,2020
91000,United States,Data Analyst,2020
42000,Netherlands,Data Scientist,2020
115000,United Arab Emirates,Data Scientist,2020
260000,Japan,ML Engineer,2020
109024,United Kingdom,Data Engineer,2020
79833,Germany,Data Scientist,2020
150000,United States,ML Engineer,2020
72000,United States,Data Analyst,2020
190000,United States,Data Scientist,2020
35735,Hungary,Data Scientist,2020
135000,United States,Data Analyst,2020
125000,New Zealand,Data Engineer,2020
51321,France,Data Scientist,2020
40481,India,Data Scientist,2020
39916,France,Data Scientist,2020
87000,United States,Data Analyst,2020
85000,United States,Data Analyst,2020
8000,Pakistan,Data Analyst,2020
41689,Japan,Data Engineer,2020
150000,United States,Data Scientist,2021
30000,Ghana,AI Developer,2021
66970,Singapore,Data Engineer,2021
54094,India,Data Scientist,2021
16904,India,Data Analyst,2021
115000,United States,Data Analyst,2021
20000,American Samoa,Data Scientist,2021
45555,United States,AI Developer,2021
5409,India,BI Developer,2021
75050,Australia,Data Engineer,2021
42028,Australia,Data Analyst,2021
20000,France,ML Engineer,2021
15000,Thailand,ML Engineer,2021
45390,United Kingdom,Data Engineer,2021
19073,Denmark,Data Engineer,2021
50000,Philippines,Data Analyst,2021
12171,India,ML Engineer,2021
250000,United States,Data Architect,2021
51064,Italy,ML Engineer,2021
109000,United States,Data Scientist,2021
102839,Slovenia,Data Analyst,2021
69999,Czech Republic,Data Scientist,2021
150000,United States,Data Engineer,2021
240000,United States,Data Scientist,2021
135000,United States,Data Analyst,2021
80000,United States,Data Scientist,2021
220000,United States,Data Scientist,2021
77364,Japan,ML Engineer,2021
63711,Japan,ML Engineer,2021
90000,United States,Data Analyst,2021
100000,United States,Data Scientist,2021
24000,Brazil,Data Engineer,2021
38400,United States,ML Engineer,2021
82500,United States,Data Scientist,2021
49646,France,Data Scientist,2021
40570,India,Data Scientist,2021
20000,India,ML Engineer,2021
9466,India,Data Scientist,2021
120000,United States,ML Engineer,2021
10354,Spain,Data Analyst,2021
110037,United Kingdom,Data Scientist,2021
50000,United States,Data Analyst,2021
200000,United States,Data Engineer,2021
60000,Romania,Data Engineer,2021
200000,United States,Data Engineer,2021
100000,Iraq,ML Engineer,2021
100000,United States,Data Engineer,2021
82744,Belgium,ML Engineer,2021
62649,France,Data Scientist,2021
82528,United Kingdom,Data Engineer,2021
20984,India,ML Engineer,2022
300000,India,AI Developer,2022
56536,Switzerland,ML Engineer,2022
88256,United Kingdom,Data Scientist,2022
275000,Canada,AI Developer,2022
59888,Netherlands,Data Engineer,2022
73546,Germany,Data Scientist,2022
172309,Ireland,Data Scientist,2022
130000,United States,BI Developer,2022
34320,United States,Data Analyst,2022
9289,Brazil,Data Analyst,2022
106000,Russia,Data Scientist,2022
192000,United States,Data Scientist,2022
168000,United States,Data Scientist,2022
85000,United States,Data Scientist,2022
375000,United States,ML Engineer,2022
180000,United States,Data Scientist,2022
23000,India,Data Scientist,2022
155000,United States,Data Scientist,2022
84053,France,ML Engineer,2022
48000,United States,Data Analyst,2022
6304,North Macedonia,AI Developer,2022
15897,India,Data Engineer,2022
110000,United States,Data Scientist,2022
25216,United States,Data Analyst,2022
18314,India,Data Analyst,2022
100000,United States,Data Scientist,2022
133000,Netherlands,Data Analyst,2022
14307,India,Data Analyst,2022
130000,United States,Data Scientist,2022
13989,India,Data Scientist,2022
125000,United States,Data Engineer,2022
175000,United States,Data Engineer,2022
155000,United States,Data Engineer,2022
153600,United States,Data Engineer,2022
106800,United States,Data Engineer,2022
150000,United States,Data Scientist,2022
140000,United States,Data Scientist,2022
122000,United States,Data Scientist,2022
94500,United States,Data Scientist,2022
170000,United States,Data Engineer,2022
130000,United States,Data Engineer,2022
145000,United States,Data Scientist,2022
128000,United States,Data Scientist,2022
145000,United States,Data Engineer,2022
100000,United States,Data Engineer,2022
175000,United States,Data Engineer,2022
120000,United States,Data Engineer,2022
145000,United States,Data Engineer,2022
115000,United States,Data Engineer,2022
85847,Spain,Data Scientist,2023
30000,United States,ML Engineer,2023
25500,United States,ML Engineer,2023
175000,Canada,Data Scientist,2023
120000,Canada,Data Scientist,2023
222200,United States,Data Scientist,2023
136000,United States,Data Scientist,2023
219000,Canada,Data Scientist,2023
141000,Canada,Data Scientist,2023
147100,United States,Data Scientist,2023
90700,United States,Data Scientist,2023
130000,United States,Data Analyst,2023
100000,United States,Data Analyst,2023
213660,United States,Data Scientist,2023
130760,United States,Data Scientist,2023
147100,United States,Data Scientist,2023
90700,United States,Data Scientist,2023
170000,United States,Data Scientist,2023
150000,United States,Data Scientist,2023
150000,United States,Data Analyst,2023
110000,United States,Data Analyst,2023
275000,Germany,Data Engineer,2023
174000,Germany,Data Engineer,2023
230000,United Kingdom,BI Developer,2023
143200,United Kingdom,BI Developer,2023
225000,United States,BI Developer,2023
156400,United States,BI Developer,2023
200000,United States,ML Engineer,2023
130000,United States,ML Engineer,2023
90000,Canada,Data Architect,2023
72000,Canada,Data Architect,2023
253200,United States,Data Engineer,2023
90700,United States,Data Engineer,2023
342810,United States,Data Engineer,2023
184590,United States,Data Engineer,2023
162500,United States,Data Engineer,2023
130000,United States,Data Engineer,2023
105380,United States,Data Analyst,2023
64500,United States,Data Analyst,2023
100000,Nigeria,Data Analyst,2023
30000,Nigeria,Data Analyst,2023
204620,United States,Data Scientist,2023
110680,United States,Data Scientist,2023
270703,United States,Data Engineer,2023
221484,United States,Data Engineer,2023
212750,United States,Data Scientist,2023
185000,United States,Data Scientist,2023
262000,United States,Data Scientist,2023
245000,United States,Data Scientist,2023
