{
  "name": "Data Science Jobs",
  "children": [
    {
      "name": "Top 5 Jobs",
      "children": [
        {
          "name": "Research Engineer",
          "children": [
            {
              "name": "14 On-site"
            }
          ]
        },
        {
          "name": "Research Scientist",
          "children": [
            {
              "name": "7 On-site"
            }
          ]
        },
        {
          "name": "Software Data Engineer",
          "children": [
            {
              "name": "On-site"
            }
          ]
        },
        {
          "name": "Staff Data Analyst",
          "children": [
            {
              "name": "On-site"
            }
          ]
        },
        {
          "name": "Staff Data Scientist",
          "children": [
            {
              "name": "On-site"
            }
          ]
        }
      ]
    }
  ]
}
