Job_Roles,AverageSalary,Year
AI Developer,191627.91,2010
Data Analyst,125514.96,2010
Data Engineer,164088.11,2010
Data Scientist,173276.01,2010
ML Engineer,170343.79,2010
BI Developer,152031.67,2010
Data Architect,129051.29,2010
AI Developer,176261.63,2011
Data Analyst,129012.87,2011
Data Engineer,176046.22,2011
Data Scientist,166839.76,2011
ML Engineer,101165.65,2011
BI Developer,135029.9,2011
Data Architect,137945.23,2011
AI Developer,142095.13,2012
Data Analyst,165505.13,2012
Data Engineer,125656,2012
Data Scientist,149295.14,2012
ML Engineer,142467.59,2012
BI Developer,123914.74,2012
Data Architect,118522.4,2012
AI Developer,192221.6,2013
Data Analyst,172338.45,2013
Data Engineer,185409.36,2013
Data Scientist,120169.51,2013
ML Engineer,163443.93,2013
BI Developer,159079.58,2013
Data Architect,183760.67,2013
AI Developer,116531.25,2014
Data Analyst,147600.22,2014
Data Engineer,148624.5,2014
Data Scientist,154209.74,2014
ML Engineer,143593.03,2014
BI Developer,143280.93,2014
Data Architect,149994.43,2014
AI Developer,128947.18,2015
Data Analyst,144735.15,2015
Data Engineer,186924.27,2015
Data Scientist,125412.75,2015
ML Engineer,144369.16,2015
BI Developer,166661.19,2015
Data Architect,138648.08,2015
AI Developer,181525.31,2016
Data Analyst,182743.62,2016
Data Engineer,160019.57,2016
Data Scientist,151028.44,2016
ML Engineer,153188.33,2016
BI Developer,167390.4,2016
Data Architect,138698.33,2016
AI Developer,191627.91,2017
Data Analyst,125514.96,2017
Data Engineer,164088.11,2017
Data Scientist,173276.01,2017
ML Engineer,170343.79,2017
BI Developer,152031.67,2017
Data Architect,129051.29,2017
AI Developer,176261.63,2018
Data Analyst,129012.87,2018
Data Engineer,176046.22,2018
Data Scientist,166839.76,2018
ML Engineer,101165.65,2018
BI Developer,135029.9,2018
Data Architect,137945.23,2018
AI Developer,142095.13,2019
Data Analyst,165505.13,2019
Data Engineer,125656,2019
Data Scientist,149295.14,2019
ML Engineer,142467.59,2019
BI Developer,123914.74,2019
Data Architect,118522.4,2019
AI Developer,192221.6,2020
Data Analyst,172338.45,2020
Data Engineer,185409.36,2020
Data Scientist,120169.51,2020
ML Engineer,163443.93,2020
BI Developer,159079.58,2020
Data Architect,183760.67,2020
