[
  {
    "Job_Roles": "AI Developer",
    "AverageSalary": 191627.91,
    "Year": 2010
  },
  {
    "Job_Roles": "Data Analyst",
    "AverageSalary": 125514.96,
    "Year": 2010
  },
  {
    "Job_Roles": "Data Engineer",
    "AverageSalary": 164088.11,
    "Year": 2010
  },
  {
    "Job_Roles": "Data Scientist",
    "AverageSalary": 173276.01,
    "Year": 2010
  },
  {
    "Job_Roles": "ML Engineer",
    "AverageSalary": 170343.79,
    "Year": 2010
  },
  {
    "Job_Roles": "BI Developer",
    "AverageSalary": 152031.67,
    "Year": 2010
  },
  {
    "Job_Roles": "Data Architect",
    "AverageSalary": 129051.29,
    "Year": 2010
  },
  {
    "Job_Roles": "AI Developer",
    "AverageSalary": 176261.63,
    "Year": 2011
  },
  {
    "Job_Roles": "Data Analyst",
    "AverageSalary": 129012.87,
    "Year": 2011
  },
  {
    "Job_Roles": "Data Engineer",
    "AverageSalary": 176046.22,
    "Year": 2011
  },
  {
    "Job_Roles": "Data Scientist",
    "AverageSalary": 166839.76,
    "Year": 2011
  },
  {
    "Job_Roles": "ML Engineer",
    "AverageSalary": 101165.65,
    "Year": 2011
  },
  {
    "Job_Roles": "BI Developer",
    "AverageSalary": 135029.9,
    "Year": 2011
  },
  {
    "Job_Roles": "Data Architect",
    "AverageSalary": 137945.23,
    "Year": 2011
  },
  {
    "Job_Roles": "AI Developer",
    "AverageSalary": 142095.13,
    "Year": 2012
  },
  {
    "Job_Roles": "Data Analyst",
    "AverageSalary": 165505.13,
    "Year": 2012
  },
  {
    "Job_Roles": "Data Engineer",
    "AverageSalary": 125656,
    "Year": 2012
  },
  {
    "Job_Roles": "Data Scientist",
    "AverageSalary": 149295.14,
    "Year": 2012
  },
  {
    "Job_Roles": "ML Engineer",
    "AverageSalary": 142467.59,
    "Year": 2012
  },
  {
    "Job_Roles": "BI Developer",
    "AverageSalary": 123914.74,
    "Year": 2012
  },
  {
    "Job_Roles": "Data Architect",
    "AverageSalary": 118522.4,
    "Year": 2012
  },
  {
    "Job_Roles": "AI Developer",
    "AverageSalary": 192221.6,
    "Year": 2013
  },
  {
    "Job_Roles": "Data Analyst",
    "AverageSalary": 172338.45,
    "Year": 2013
  },
  {
    "Job_Roles": "Data Engineer",
    "AverageSalary": 185409.36,
    "Year": 2013
  },
  {
    "Job_Roles": "Data Scientist",
    "AverageSalary": 120169.51,
    "Year": 2013
  },
  {
    "Job_Roles": "ML Engineer",
    "AverageSalary": 163443.93,
    "Year": 2013
  },
  {
    "Job_Roles": "BI Developer",
    "AverageSalary": 159079.58,
    "Year": 2013
  },
  {
    "Job_Roles": "Data Architect",
    "AverageSalary": 183760.67,
    "Year": 2013
  },
  {
    "Job_Roles": "AI Developer",
    "AverageSalary": 116531.25,
    "Year": 2014
  },
  {
    "Job_Roles": "Data Analyst",
    "AverageSalary": 147600.22,
    "Year": 2014
  },
  {
    "Job_Roles": "Data Engineer",
    "AverageSalary": 148624.5,
    "Year": 2014
  },
  {
    "Job_Roles": "Data Scientist",
    "AverageSalary": 154209.74,
    "Year": 2014
  },
  {
    "Job_Roles": "ML Engineer",
    "AverageSalary": 143593.03,
    "Year": 2014
  },
  {
    "Job_Roles": "BI Developer",
    "AverageSalary": 143280.93,
    "Year": 2014
  },
  {
    "Job_Roles": "Data Architect",
    "AverageSalary": 149994.43,
    "Year": 2014
  },
  {
    "Job_Roles": "AI Developer",
    "AverageSalary": 128947.18,
    "Year": 2015
  },
  {
    "Job_Roles": "Data Analyst",
    "AverageSalary": 144735.15,
    "Year": 2015
  },
  {
    "Job_Roles": "Data Engineer",
    "AverageSalary": 186924.27,
    "Year": 2015
  },
  {
    "Job_Roles": "Data Scientist",
    "AverageSalary": 125412.75,
    "Year": 2015
  },
  {
    "Job_Roles": "ML Engineer",
    "AverageSalary": 144369.16,
    "Year": 2015
  },
  {
    "Job_Roles": "BI Developer",
    "AverageSalary": 166661.19,
    "Year": 2015
  },
  {
    "Job_Roles": "Data Architect",
    "AverageSalary": 138648.08,
    "Year": 2015
  },
  {
    "Job_Roles": "AI Developer",
    "AverageSalary": 181525.31,
    "Year": 2016
  },
  {
    "Job_Roles": "Data Analyst",
    "AverageSalary": 182743.62,
    "Year": 2016
  },
  {
    "Job_Roles": "Data Engineer",
    "AverageSalary": 160019.57,
    "Year": 2016
  },
  {
    "Job_Roles": "Data Scientist",
    "AverageSalary": 151028.44,
    "Year": 2016
  },
  {
    "Job_Roles": "ML Engineer",
    "AverageSalary": 153188.33,
    "Year": 2016
  },
  {
    "Job_Roles": "BI Developer",
    "AverageSalary": 167390.4,
    "Year": 2016
  },
  {
    "Job_Roles": "Data Architect",
    "AverageSalary": 138698.33,
    "Year": 2016
  },
  {
    "Job_Roles": "AI Developer",
    "AverageSalary": 191627.91,
    "Year": 2017
  },
  {
    "Job_Roles": "Data Analyst",
    "AverageSalary": 125514.96,
    "Year": 2017
  },
  {
    "Job_Roles": "Data Engineer",
    "AverageSalary": 164088.11,
    "Year": 2017
  },
  {
    "Job_Roles": "Data Scientist",
    "AverageSalary": 173276.01,
    "Year": 2017
  },
  {
    "Job_Roles": "ML Engineer",
    "AverageSalary": 170343.79,
    "Year": 2017
  },
  {
    "Job_Roles": "BI Developer",
    "AverageSalary": 152031.67,
    "Year": 2017
  },
  {
    "Job_Roles": "Data Architect",
    "AverageSalary": 129051.29,
    "Year": 2017
  },
  {
    "Job_Roles": "AI Developer",
    "AverageSalary": 176261.63,
    "Year": 2018
  },
  {
    "Job_Roles": "Data Analyst",
    "AverageSalary": 129012.87,
    "Year": 2018
  },
  {
    "Job_Roles": "Data Engineer",
    "AverageSalary": 176046.22,
    "Year": 2018
  },
  {
    "Job_Roles": "Data Scientist",
    "AverageSalary": 166839.76,
    "Year": 2018
  },
  {
    "Job_Roles": "ML Engineer",
    "AverageSalary": 101165.65,
    "Year": 2018
  },
  {
    "Job_Roles": "BI Developer",
    "AverageSalary": 135029.9,
    "Year": 2018
  },
  {
    "Job_Roles": "Data Architect",
    "AverageSalary": 137945.23,
    "Year": 2018
  },
  {
    "Job_Roles": "AI Developer",
    "AverageSalary": 142095.13,
    "Year": 2019
  },
  {
    "Job_Roles": "Data Analyst",
    "AverageSalary": 165505.13,
    "Year": 2019
  },
  {
    "Job_Roles": "Data Engineer",
    "AverageSalary": 125656,
    "Year": 2019
  },
  {
    "Job_Roles": "Data Scientist",
    "AverageSalary": 149295.14,
    "Year": 2019
  },
  {
    "Job_Roles": "ML Engineer",
    "AverageSalary": 142467.59,
    "Year": 2019
  },
  {
    "Job_Roles": "BI Developer",
    "AverageSalary": 123914.74,
    "Year": 2019
  },
  {
    "Job_Roles": "Data Architect",
    "AverageSalary": 118522.4,
    "Year": 2019
  },
  {
    "Job_Roles": "AI Developer",
    "AverageSalary": 192221.6,
    "Year": 2020
  },
  {
    "Job_Roles": "Data Analyst",
    "AverageSalary": 172338.45,
    "Year": 2020
  },
  {
    "Job_Roles": "Data Engineer",
    "AverageSalary": 185409.36,
    "Year": 2020
  },
  {
    "Job_Roles": "Data Scientist",
    "AverageSalary": 120169.51,
    "Year": 2020
  },
  {
    "Job_Roles": "ML Engineer",
    "AverageSalary": 163443.93,
    "Year": 2020
  },
  {
    "Job_Roles": "BI Developer",
    "AverageSalary": 159079.58,
    "Year": 2020
  },
  {
    "Job_Roles": "Data Architect",
    "AverageSalary": 183760.67,
    "Year": 2020
  }
]